model,loss_test,acc_test,recall_test,precision_test,f1_test,loss_train,acc_train,recall_train,precision_train,f1_train
Resnet-50 task 2,0.63985,0.74839,0.67792,0.81020,0.73707,0.66004,0.73207,0.65683,0.79309,0.71736
AlexNet Task 2,0.77834,0.71744,0.67299,0.74445,0.70637,0.92141,0.66667,0.62487,0.69904,0.65928
RCC Net Task 2,0.37760,0.86822,0.85501,0.88400,0.86898,0.40044,0.85657,0.83757,0.87053,0.85345
VGG Task 2,0.48062,0.84531,0.80108,0.84204,0.82065,0.49721,0.82133,0.79985,0.83769,0.81807
Xception Task 2,0.20313,0.83144,0.82347,0.84190,0.83247,0.20294,0.83650,0.82732,0.85016,0.83840