model,loss_test,acc_test,recall_test,precision_test,f1_test,loss_train,acc_train,recall_train,precision_train,f1_train
Resnet-50 task 1,0.28931,0.87588,0.87851,0.87497,0.87671,0.28647,0.8782"0.88076,0.87793,0.87932
AlexNet Task 1,0.46757,0.89639,0.89478,0.89478,0.89478,0.39672,0.90414,0.90449,0.90449,0.90449
RCC Net Task 1,0.15327,0.93939,0.94055,0.9387"0.93957,0.19494,0.92359,0.91917,0.91999,0.91949
VGG Task 1,0.18875,0.93055,0.92716,0.92716,0.92716,0.18875,0.93055,0.92716,0.92716,0.92716
Xception Task 1,0.23946,0.89922,0.89934,0.89934,0.89934,0.22988,0.90096,0.90132,0.90132,0.90132